Days,Well_ID,Oil_Rate,Gas_Rate,Water_Rate,lat,lon
1,Well 1,357 ,0 ,0 ,31.329833,-101.131360
2,Well 1,247 ,0 ,0 ,31.329833,-101.131360
3,Well 1,953 ,0 ,0 ,31.329833,-101.131360
4,Well 1,660 ,111 ,"1,147 ",31.329833,-101.131360
5,Well 1,"1,159 ",303 ,866 ,31.329833,-101.131360
6,Well 1,9 ,151 ,96 ,31.329833,-101.131360
7,Well 1,511 ,376 ,757 ,31.329833,-101.131360
8,Well 1,"1,032 ",562 ,988 ,31.329833,-101.131360
9,Well 1,902 ,478 ,880 ,31.329833,-101.131360
10,Well 1,"1,075 ",464 ,852 ,31.329833,-101.131360
11,Well 1,666 ,461 ,826 ,31.329833,-101.131360
12,Well 1,680 ,470 ,744 ,31.329833,-101.131360
13,Well 1,664 ,511 ,789 ,31.329833,-101.131360
14,Well 1,645 ,469 ,673 ,31.329833,-101.131360
15,Well 1,846 ,455 ,626 ,31.329833,-101.131360
16,Well 1,258 ,447 ,590 ,31.329833,-101.131360
17,Well 1,619 ,445 ,566 ,31.329833,-101.131360
18,Well 1,699 ,431 ,539 ,31.329833,-101.131360
19,Well 1,440 ,381 ,449 ,31.329833,-101.131360
20,Well 1,468 ,317 ,352 ,31.329833,-101.131360
21,Well 1,503 ,351 ,381 ,31.329833,-101.131360
22,Well 1,543 ,386 ,382 ,31.329833,-101.131360
23,Well 1,614 ,380 ,367 ,31.329833,-101.131360
24,Well 1,457 ,382 ,362 ,31.329833,-101.131360
25,Well 1,545 ,390 ,370 ,31.329833,-101.131360
26,Well 1,562 ,400 ,383 ,31.329833,-101.131360
27,Well 1,580 ,410 ,417 ,31.329833,-101.131360
28,Well 1,579 ,405 ,387 ,31.329833,-101.131360
29,Well 1,562 ,389 ,386 ,31.329833,-101.131360
30,Well 1,556 ,389 ,362 ,31.329833,-101.131360
31,Well 1,541 ,376 ,346 ,31.329833,-101.131360
32,Well 1,536 ,363 ,339 ,31.329833,-101.131360
33,Well 1,517 ,400 ,343 ,31.329833,-101.131360
34,Well 1,389 ,390 ,356 ,31.329833,-101.131360
35,Well 1,614 ,403 ,319 ,31.329833,-101.131360
36,Well 1,527 ,383 ,333 ,31.329833,-101.131360
37,Well 1,486 ,400 ,314 ,31.329833,-101.131360
38,Well 1,896 ,404 ,321 ,31.329833,-101.131360
39,Well 1,128 ,412 ,309 ,31.329833,-101.131360
40,Well 1,516 ,444 ,318 ,31.329833,-101.131360
41,Well 1,507 ,462 ,331 ,31.329833,-101.131360
42,Well 1,495 ,453 ,367 ,31.329833,-101.131360
43,Well 1,465 ,435 ,304 ,31.329833,-101.131360
44,Well 1,480 ,440 ,315 ,31.329833,-101.131360
45,Well 1,486 ,444 ,309 ,31.329833,-101.131360
46,Well 1,476 ,463 ,318 ,31.329833,-101.131360
47,Well 1,474 ,474 ,322 ,31.329833,-101.131360
48,Well 1,472 ,464 ,290 ,31.329833,-101.131360
49,Well 1,370 ,430 ,283 ,31.329833,-101.131360
50,Well 1,432 ,404 ,248 ,31.329833,-101.131360
51,Well 1,415 ,409 ,249 ,31.329833,-101.131360
52,Well 1,432 ,409 ,249 ,31.329833,-101.131360
53,Well 1,395 ,411 ,237 ,31.329833,-101.131360
54,Well 1,460 ,400 ,223 ,31.329833,-101.131360
55,Well 1,398 ,411 ,232 ,31.329833,-101.131360
56,Well 1,428 ,453 ,270 ,31.329833,-101.131360
57,Well 1,413 ,450 ,238 ,31.329833,-101.131360
58,Well 1,415 ,506 ,285 ,31.329833,-101.131360
59,Well 1,426 ,552 ,278 ,31.329833,-101.131360
60,Well 1,264 ,306 ,357 ,31.329833,-101.131360
61,Well 1,272 ,517 ,180 ,31.329833,-101.131360
62,Well 1,0 ,7 ,0 ,31.329833,-101.131360
63,Well 1,0 ,0 ,0 ,31.329833,-101.131360
64,Well 1,554 ,168 ,253 ,31.329833,-101.131360
65,Well 1,654 ,469 ,302 ,31.329833,-101.131360
66,Well 1,508 ,515 ,275 ,31.329833,-101.131360
67,Well 1,663 ,768 ,400 ,31.329833,-101.131360
68,Well 1,667 ,"1,213 ",367 ,31.329833,-101.131360
69,Well 1,870 ,"1,133 ",494 ,31.329833,-101.131360
70,Well 1,225 ,"1,074 ",458 ,31.329833,-101.131360
71,Well 1,513 ,"1,112 ",448 ,31.329833,-101.131360
72,Well 1,486 ,"1,065 ",407 ,31.329833,-101.131360
73,Well 1,471 ,"1,026 ",396 ,31.329833,-101.131360
74,Well 1,451 ,968 ,374 ,31.329833,-101.131360
75,Well 1,439 ,978 ,362 ,31.329833,-101.131360
76,Well 1,278 ,516 ,189 ,31.329833,-101.131360
77,Well 1,470 ,830 ,409 ,31.329833,-101.131360
78,Well 1,429 ,"1,081 ",373 ,31.329833,-101.131360
79,Well 1,395 ,780 ,321 ,31.329833,-101.131360
80,Well 1,390 ,477 ,329 ,31.329833,-101.131360
81,Well 1,412 ,"1,006 ",362 ,31.329833,-101.131360
82,Well 1,410 ,981 ,344 ,31.329833,-101.131360
83,Well 1,360 ,925 ,323 ,31.329833,-101.131360
84,Well 1,389 ,983 ,320 ,31.329833,-101.131360
85,Well 1,374 ,947 ,316 ,31.329833,-101.131360
86,Well 1,372 ,895 ,309 ,31.329833,-101.131360
87,Well 1,347 ,888 ,294 ,31.329833,-101.131360
88,Well 1,367 ,879 ,261 ,31.329833,-101.131360
89,Well 1,314 ,810 ,269 ,31.329833,-101.131360
90,Well 1,319 ,717 ,216 ,31.329833,-101.131360
91,Well 1,364 ,741 ,276 ,31.329833,-101.131360
92,Well 1,325 ,808 ,256 ,31.329833,-101.131360
93,Well 1,324 ,722 ,251 ,31.329833,-101.131360
94,Well 1,333 ,731 ,253 ,31.329833,-101.131360
95,Well 1,296 ,775 ,287 ,31.329833,-101.131360
96,Well 1,297 ,691 ,257 ,31.329833,-101.131360
97,Well 1,310 ,665 ,242 ,31.329833,-101.131360
98,Well 1,369 ,675 ,236 ,31.329833,-101.131360
99,Well 1,261 ,676 ,223 ,31.329833,-101.131360
100,Well 1,281 ,679 ,220 ,31.329833,-101.131360
101,Well 1,324 ,644 ,224 ,31.329833,-101.131360
102,Well 1,292 ,623 ,231 ,31.329833,-101.131360
103,Well 1,270 ,698 ,224 ,31.329833,-101.131360
104,Well 1,314 ,695 ,219 ,31.329833,-101.131360
105,Well 1,294 ,678 ,229 ,31.329833,-101.131360
106,Well 1,291 ,676 ,213 ,31.329833,-101.131360
107,Well 1,287 ,676 ,211 ,31.329833,-101.131360
108,Well 1,286 ,667 ,214 ,31.329833,-101.131360
109,Well 1,316 ,667 ,210 ,31.329833,-101.131360
110,Well 1,261 ,670 ,208 ,31.329833,-101.131360
111,Well 1,287 ,669 ,210 ,31.329833,-101.131360
112,Well 1,277 ,661 ,200 ,31.329833,-101.131360
113,Well 1,294 ,661 ,211 ,31.329833,-101.131360
114,Well 1,245 ,683 ,217 ,31.329833,-101.131360
115,Well 1,309 ,693 ,204 ,31.329833,-101.131360
116,Well 1,261 ,660 ,190 ,31.329833,-101.131360
117,Well 1,280 ,647 ,201 ,31.329833,-101.131360
118,Well 1,279 ,666 ,209 ,31.329833,-101.131360
119,Well 1,263 ,665 ,187 ,31.329833,-101.131360
120,Well 1,262 ,640 ,190 ,31.329833,-101.131360
121,Well 1,273 ,724 ,205 ,31.329833,-101.131360
122,Well 1,246 ,647 ,183 ,31.329833,-101.131360
123,Well 1,273 ,592 ,191 ,31.329833,-101.131360
124,Well 1,206 ,657 ,266 ,31.329833,-101.131360
125,Well 1,226 ,702 ,241 ,31.329833,-101.131360
126,Well 1,238 ,649 ,209 ,31.329833,-101.131360
127,Well 1,343 ,613 ,200 ,31.329833,-101.131360
128,Well 1,253 ,606 ,190 ,31.329833,-101.131360
129,Well 1,251 ,607 ,178 ,31.329833,-101.131360
130,Well 1,402 ,608 ,201 ,31.329833,-101.131360
131,Well 1,106 ,618 ,190 ,31.329833,-101.131360
132,Well 1,252 ,666 ,189 ,31.329833,-101.131360
133,Well 1,274 ,652 ,197 ,31.329833,-101.131360
134,Well 1,232 ,659 ,207 ,31.329833,-101.131360
135,Well 1,254 ,643 ,152 ,31.329833,-101.131360
136,Well 1,269 ,630 ,192 ,31.329833,-101.131360
137,Well 1,224 ,615 ,204 ,31.329833,-101.131360
138,Well 1,242 ,591 ,178 ,31.329833,-101.131360
139,Well 1,249 ,604 ,162 ,31.329833,-101.131360
140,Well 1,247 ,630 ,172 ,31.329833,-101.131360
141,Well 1,236 ,629 ,179 ,31.329833,-101.131360
142,Well 1,242 ,626 ,176 ,31.329833,-101.131360
143,Well 1,240 ,627 ,177 ,31.329833,-101.131360
144,Well 1,224 ,606 ,168 ,31.329833,-101.131360
145,Well 1,235 ,590 ,168 ,31.329833,-101.131360
146,Well 1,225 ,595 ,174 ,31.329833,-101.131360
147,Well 1,236 ,596 ,161 ,31.329833,-101.131360
148,Well 1,226 ,585 ,157 ,31.329833,-101.131360
149,Well 1,232 ,600 ,172 ,31.329833,-101.131360
150,Well 1,251 ,603 ,173 ,31.329833,-101.131360
151,Well 1,227 ,608 ,162 ,31.329833,-101.131360
152,Well 1,236 ,598 ,198 ,31.329833,-101.131360
153,Well 1,222 ,583 ,159 ,31.329833,-101.131360
154,Well 1,252 ,580 ,201 ,31.329833,-101.131360
155,Well 1,186 ,537 ,130 ,31.329833,-101.131360
156,Well 1,229 ,596 ,158 ,31.329833,-101.131360
157,Well 1,243 ,566 ,168 ,31.329833,-101.131360
158,Well 1,218 ,575 ,153 ,31.329833,-101.131360
159,Well 1,212 ,540 ,146 ,31.329833,-101.131360
160,Well 1,224 ,561 ,157 ,31.329833,-101.131360
161,Well 1,236 ,582 ,165 ,31.329833,-101.131360
162,Well 1,201 ,592 ,164 ,31.329833,-101.131360
163,Well 1,206 ,589 ,163 ,31.329833,-101.131360
164,Well 1,212 ,586 ,151 ,31.329833,-101.131360
165,Well 1,247 ,571 ,172 ,31.329833,-101.131360
166,Well 1,198 ,579 ,138 ,31.329833,-101.131360
167,Well 1,219 ,585 ,160 ,31.329833,-101.131360
168,Well 1,204 ,591 ,158 ,31.329833,-101.131360
169,Well 1,220 ,612 ,159 ,31.329833,-101.131360
170,Well 1,217 ,596 ,154 ,31.329833,-101.131360
171,Well 1,218 ,569 ,153 ,31.329833,-101.131360
172,Well 1,201 ,541 ,145 ,31.329833,-101.131360
173,Well 1,290 ,542 ,197 ,31.329833,-101.131360
174,Well 1,131 ,543 ,98 ,31.329833,-101.131360
175,Well 1,246 ,541 ,185 ,31.329833,-101.131360
176,Well 1,182 ,584 ,126 ,31.329833,-101.131360
177,Well 1,218 ,589 ,159 ,31.329833,-101.131360
178,Well 1,209 ,572 ,150 ,31.329833,-101.131360
179,Well 1,207 ,567 ,145 ,31.329833,-101.131360
180,Well 1,189 ,562 ,153 ,31.329833,-101.131360
181,Well 1,213 ,551 ,148 ,31.329833,-101.131360
182,Well 1,197 ,543 ,148 ,31.329833,-101.131360
183,Well 1,192 ,546 ,147 ,31.329833,-101.131360
184,Well 1,207 ,545 ,153 ,31.329833,-101.131360
185,Well 1,204 ,550 ,150 ,31.329833,-101.131360
186,Well 1,203 ,548 ,150 ,31.329833,-101.131360
187,Well 1,190 ,550 ,150 ,31.329833,-101.131360
188,Well 1,201 ,553 ,150 ,31.329833,-101.131360
189,Well 1,188 ,558 ,151 ,31.329833,-101.131360
190,Well 1,212 ,552 ,151 ,31.329833,-101.131360
191,Well 1,229 ,543 ,152 ,31.329833,-101.131360
192,Well 1,198 ,546 ,152 ,31.329833,-101.131360
193,Well 1,144 ,485 ,115 ,31.329833,-101.131360
194,Well 1,165 ,528 ,120 ,31.329833,-101.131360
195,Well 1,190 ,487 ,136 ,31.329833,-101.131360
196,Well 1,185 ,489 ,128 ,31.329833,-101.131360
197,Well 1,184 ,480 ,183 ,31.329833,-101.131360
198,Well 1,212 ,475 ,141 ,31.329833,-101.131360
199,Well 1,195 ,483 ,133 ,31.329833,-101.131360
200,Well 1,184 ,491 ,129 ,31.329833,-101.131360
201,Well 1,195 ,519 ,137 ,31.329833,-101.131360
202,Well 1,188 ,522 ,140 ,31.329833,-101.131360
203,Well 1,184 ,522 ,133 ,31.329833,-101.131360
204,Well 1,173 ,517 ,152 ,31.329833,-101.131360
205,Well 1,196 ,517 ,130 ,31.329833,-101.131360
206,Well 1,224 ,517 ,160 ,31.329833,-101.131360
207,Well 1,159 ,514 ,118 ,31.329833,-101.131360
208,Well 1,181 ,516 ,122 ,31.329833,-101.131360
209,Well 1,186 ,508 ,143 ,31.329833,-101.131360
210,Well 1,176 ,475 ,140 ,31.329833,-101.131360
211,Well 1,142 ,507 ,141 ,31.329833,-101.131360
212,Well 1,195 ,535 ,145 ,31.329833,-101.131360
213,Well 1,191 ,552 ,138 ,31.329833,-101.131360
214,Well 1,180 ,547 ,133 ,31.329833,-101.131360
215,Well 1,176 ,540 ,129 ,31.329833,-101.131360
216,Well 1,188 ,526 ,135 ,31.329833,-101.131360
217,Well 1,159 ,495 ,129 ,31.329833,-101.131360
218,Well 1,183 ,518 ,123 ,31.329833,-101.131360
219,Well 1,221 ,475 ,158 ,31.329833,-101.131360
220,Well 1,136 ,453 ,101 ,31.329833,-101.131360
221,Well 1,173 ,493 ,124 ,31.329833,-101.131360
222,Well 1,188 ,531 ,136 ,31.329833,-101.131360
223,Well 1,181 ,498 ,130 ,31.329833,-101.131360
224,Well 1,176 ,513 ,131 ,31.329833,-101.131360
225,Well 1,156 ,393 ,110 ,31.329833,-101.131360
226,Well 1,168 ,449 ,122 ,31.329833,-101.131360
227,Well 1,175 ,436 ,128 ,31.329833,-101.131360
228,Well 1,172 ,433 ,117 ,31.329833,-101.131360
229,Well 1,154 ,434 ,114 ,31.329833,-101.131360
230,Well 1,178 ,453 ,116 ,31.329833,-101.131360
231,Well 1,167 ,399 ,116 ,31.329833,-101.131360
232,Well 1,166 ,437 ,115 ,31.329833,-101.131360
233,Well 1,171 ,434 ,120 ,31.329833,-101.131360
234,Well 1,170 ,439 ,141 ,31.329833,-101.131360
235,Well 1,184 ,414 ,121 ,31.329833,-101.131360
236,Well 1,180 ,542 ,134 ,31.329833,-101.131360
237,Well 1,175 ,345 ,98 ,31.329833,-101.131360
238,Well 1,184 ,445 ,101 ,31.329833,-101.131360
239,Well 1,181 ,530 ,125 ,31.329833,-101.131360
240,Well 1,174 ,544 ,120 ,31.329833,-101.131360
241,Well 1,193 ,531 ,135 ,31.329833,-101.131360
242,Well 1,168 ,542 ,0 ,31.329833,-101.131360
243,Well 1,186 ,555 ,148 ,31.329833,-101.131360
244,Well 1,123 ,523 ,115 ,31.329833,-101.131360
245,Well 1,169 ,485 ,127 ,31.329833,-101.131360
246,Well 1,166 ,484 ,124 ,31.329833,-101.131360
247,Well 1,173 ,489 ,122 ,31.329833,-101.131360
248,Well 1,152 ,457 ,114 ,31.329833,-101.131360
249,Well 1,97 ,387 ,74 ,31.329833,-101.131360
250,Well 1,171 ,302 ,118 ,31.329833,-101.131360
251,Well 1,169 ,495 ,123 ,31.329833,-101.131360
252,Well 1,170 ,475 ,124 ,31.329833,-101.131360
253,Well 1,165 ,471 ,124 ,31.329833,-101.131360
254,Well 1,141 ,436 ,108 ,31.329833,-101.131360
255,Well 1,187 ,344 ,128 ,31.329833,-101.131360
256,Well 1,174 ,497 ,118 ,31.329833,-101.131360
257,Well 1,167 ,501 ,115 ,31.329833,-101.131360
258,Well 1,146 ,451 ,110 ,31.329833,-101.131360
259,Well 1,170 ,373 ,111 ,31.329833,-101.131360
260,Well 1,162 ,425 ,110 ,31.329833,-101.131360
261,Well 1,151 ,442 ,113 ,31.329833,-101.131360
262,Well 1,182 ,411 ,113 ,31.329833,-101.131360
263,Well 1,174 ,381 ,122 ,31.329833,-101.131360
264,Well 1,175 ,487 ,121 ,31.329833,-101.131360
265,Well 1,139 ,460 ,117 ,31.329833,-101.131360
266,Well 1,165 ,496 ,120 ,31.329833,-101.131360
267,Well 1,159 ,479 ,120 ,31.329833,-101.131360
268,Well 1,145 ,481 ,133 ,31.329833,-101.131360
269,Well 1,175 ,410 ,125 ,31.329833,-101.131360
270,Well 1,135 ,439 ,98 ,31.329833,-101.131360
271,Well 1,145 ,431 ,105 ,31.329833,-101.131360
272,Well 1,166 ,376 ,126 ,31.329833,-101.131360
273,Well 1,174 ,519 ,160 ,31.329833,-101.131360
274,Well 1,163 ,583 ,85 ,31.329833,-101.131360
275,Well 1,147 ,576 ,127 ,31.329833,-101.131360
276,Well 1,143 ,555 ,112 ,31.329833,-101.131360
277,Well 1,147 ,495 ,118 ,31.329833,-101.131360
278,Well 1,148 ,460 ,106 ,31.329833,-101.131360
279,Well 1,143 ,340 ,114 ,31.329833,-101.131360
280,Well 1,153 ,403 ,111 ,31.329833,-101.131360
281,Well 1,137 ,432 ,105 ,31.329833,-101.131360
282,Well 1,128 ,397 ,109 ,31.329833,-101.131360
283,Well 1,156 ,318 ,103 ,31.329833,-101.131360
284,Well 1,162 ,420 ,115 ,31.329833,-101.131360
285,Well 1,132 ,386 ,94 ,31.329833,-101.131360
286,Well 1,130 ,349 ,97 ,31.329833,-101.131360
287,Well 1,156 ,325 ,115 ,31.329833,-101.131360
288,Well 1,142 ,405 ,98 ,31.329833,-101.131360
289,Well 1,152 ,463 ,110 ,31.329833,-101.131360
290,Well 1,168 ,451 ,126 ,31.329833,-101.131360
291,Well 1,150 ,478 ,105 ,31.329833,-101.131360
292,Well 1,127 ,441 ,94 ,31.329833,-101.131360
293,Well 1,1 ,203 ,6 ,31.329833,-101.131360
294,Well 1,0 ,132 ,0 ,31.329833,-101.131360
295,Well 1,0 ,78 ,0 ,31.329833,-101.131360
296,Well 1,0 ,3 ,0 ,31.329833,-101.131360
297,Well 1,0 ,0 ,0 ,31.329833,-101.131360
298,Well 1,0 ,0 ,0 ,31.329833,-101.131360
299,Well 1,0 ,0 ,0 ,31.329833,-101.131360
300,Well 1,0 ,0 ,0 ,31.329833,-101.131360
301,Well 1,0 ,0 ,0 ,31.329833,-101.131360
302,Well 1,0 ,0 ,0 ,31.329833,-101.131360
303,Well 1,0 ,0 ,0 ,31.329833,-101.131360
304,Well 1,73 ,0 ,237 ,31.329833,-101.131360
305,Well 1,0 ,0 ,127 ,31.329833,-101.131360
306,Well 1,39 ,0 ,119 ,31.329833,-101.131360
307,Well 1,39 ,0 ,123 ,31.329833,-101.131360
308,Well 1,181 ,0 ,220 ,31.329833,-101.131360
309,Well 1,128 ,0 ,99 ,31.329833,-101.131360
310,Well 1,101 ,0 ,143 ,31.329833,-101.131360
311,Well 1,63 ,0 ,141 ,31.329833,-101.131360
312,Well 1,152 ,232 ,122 ,31.329833,-101.131360
313,Well 1,259 ,249 ,198 ,31.329833,-101.131360
314,Well 1,138 ,250 ,220 ,31.329833,-101.131360
315,Well 1,187 ,260 ,187 ,31.329833,-101.131360
316,Well 1,85 ,257 ,125 ,31.329833,-101.131360
317,Well 1,117 ,268 ,140 ,31.329833,-101.131360
318,Well 1,158 ,198 ,160 ,31.329833,-101.131360
319,Well 1,201 ,218 ,155 ,31.329833,-101.131360
320,Well 1,147 ,219 ,33 ,31.329833,-101.131360
321,Well 1,182 ,413 ,30 ,31.329833,-101.131360
322,Well 1,98 ,226 ,57 ,31.329833,-101.131360
323,Well 1,156 ,231 ,92 ,31.329833,-101.131360
324,Well 1,154 ,257 ,124 ,31.329833,-101.131360
325,Well 1,124 ,246 ,113 ,31.329833,-101.131360
326,Well 1,145 ,273 ,82 ,31.329833,-101.131360
327,Well 1,159 ,250 ,107 ,31.329833,-101.131360
328,Well 1,123 ,219 ,80 ,31.329833,-101.131360
329,Well 1,150 ,219 ,86 ,31.329833,-101.131360
330,Well 1,148 ,236 ,66 ,31.329833,-101.131360
331,Well 1,142 ,253 ,127 ,31.329833,-101.131360
332,Well 1,199 ,197 ,203 ,31.329833,-101.131360
333,Well 1,90 ,223 ,39 ,31.329833,-101.131360
334,Well 1,81 ,273 ,85 ,31.329833,-101.131360
335,Well 1,68 ,276 ,146 ,31.329833,-101.131360
336,Well 1,132 ,256 ,114 ,31.329833,-101.131360
337,Well 1,136 ,253 ,66 ,31.329833,-101.131360
338,Well 1,109 ,252 ,99 ,31.329833,-101.131360
339,Well 1,197 ,270 ,91 ,31.329833,-101.131360
340,Well 1,122 ,252 ,90 ,31.329833,-101.131360
341,Well 1,212 ,250 ,115 ,31.329833,-101.131360
342,Well 1,70 ,240 ,91 ,31.329833,-101.131360
343,Well 1,109 ,244 ,91 ,31.329833,-101.131360
344,Well 1,174 ,245 ,63 ,31.329833,-101.131360
345,Well 1,99 ,207 ,135 ,31.329833,-101.131360
346,Well 1,145 ,275 ,102 ,31.329833,-101.131360
347,Well 1,143 ,275 ,102 ,31.329833,-101.131360
348,Well 1,221 ,267 ,21 ,31.329833,-101.131360
349,Well 1,53 ,279 ,124 ,31.329833,-101.131360
350,Well 1,140 ,275 ,110 ,31.329833,-101.131360
351,Well 1,91 ,265 ,58 ,31.329833,-101.131360
352,Well 1,155 ,268 ,138 ,31.329833,-101.131360
353,Well 1,111 ,268 ,82 ,31.329833,-101.131360
354,Well 1,133 ,217 ,77 ,31.329833,-101.131360
355,Well 1,144 ,293 ,96 ,31.329833,-101.131360
356,Well 1,145 ,287 ,105 ,31.329833,-101.131360
357,Well 1,138 ,299 ,125 ,31.329833,-101.131360
358,Well 1,137 ,299 ,110 ,31.329833,-101.131360
359,Well 1,130 ,284 ,110 ,31.329833,-101.131360
360,Well 1,110 ,252 ,88 ,31.329833,-101.131360
361,Well 1,127 ,303 ,91 ,31.329833,-101.131360
362,Well 1,116 ,285 ,121 ,31.329833,-101.131360
363,Well 1,130 ,283 ,77 ,31.329833,-101.131360
364,Well 1,129 ,291 ,105 ,31.329833,-101.131360
365,Well 1,134 ,305 ,105 ,31.329833,-101.131360
366,Well 1,143 ,310 ,77 ,31.329833,-101.131360
367,Well 1,133 ,303 ,69 ,31.329833,-101.131360
368,Well 1,109 ,308 ,98 ,31.329833,-101.131360
369,Well 1,179 ,367 ,148 ,31.329833,-101.131360
370,Well 1,165 ,301 ,104 ,31.329833,-101.131360
371,Well 1,126 ,306 ,115 ,31.329833,-101.131360
372,Well 1,123 ,296 ,77 ,31.329833,-101.131360
373,Well 1,112 ,296 ,91 ,31.329833,-101.131360
374,Well 1,145 ,302 ,104 ,31.329833,-101.131360
375,Well 1,156 ,307 ,82 ,31.329833,-101.131360
376,Well 1,124 ,325 ,100 ,31.329833,-101.131360
377,Well 1,126 ,308 ,195 ,31.329833,-101.131360
378,Well 1,130 ,309 ,89 ,31.329833,-101.131360
379,Well 1,137 ,390 ,121 ,31.329833,-101.131360
380,Well 1,146 ,440 ,124 ,31.329833,-101.131360
381,Well 1,128 ,441 ,93 ,31.329833,-101.131360
382,Well 1,130 ,312 ,99 ,31.329833,-101.131360
383,Well 1,109 ,379 ,94 ,31.329833,-101.131360
384,Well 1,144 ,340 ,82 ,31.329833,-101.131360
385,Well 1,109 ,420 ,109 ,31.329833,-101.131360
386,Well 1,133 ,454 ,60 ,31.329833,-101.131360
387,Well 1,134 ,451 ,91 ,31.329833,-101.131360
388,Well 1,145 ,352 ,118 ,31.329833,-101.131360
389,Well 1,113 ,417 ,83 ,31.329833,-101.131360
390,Well 1,137 ,422 ,88 ,31.329833,-101.131360
391,Well 1,70 ,443 ,95 ,31.329833,-101.131360
392,Well 1,129 ,320 ,86 ,31.329833,-101.131360
393,Well 1,138 ,298 ,107 ,31.329833,-101.131360
394,Well 1,131 ,423 ,110 ,31.329833,-101.131360
395,Well 1,135 ,445 ,143 ,31.329833,-101.131360
396,Well 1,122 ,459 ,102 ,31.329833,-101.131360
397,Well 1,123 ,311 ,83 ,31.329833,-101.131360
398,Well 1,112 ,438 ,76 ,31.329833,-101.131360
399,Well 1,128 ,339 ,85 ,31.329833,-101.131360
400,Well 1,134 ,311 ,95 ,31.329833,-101.131360
401,Well 1,125 ,326 ,87 ,31.329833,-101.131360
402,Well 1,137 ,343 ,104 ,31.329833,-101.131360
403,Well 1,131 ,391 ,91 ,31.329833,-101.131360
404,Well 1,109 ,411 ,67 ,31.329833,-101.131360
405,Well 1,120 ,317 ,93 ,31.329833,-101.131360
406,Well 1,137 ,340 ,157 ,31.329833,-101.131360
407,Well 1,123 ,354 ,82 ,31.329833,-101.131360
408,Well 1,131 ,349 ,91 ,31.329833,-101.131360
409,Well 1,109 ,362 ,75 ,31.329833,-101.131360
410,Well 1,122 ,357 ,93 ,31.329833,-101.131360
411,Well 1,122 ,357 ,93 ,31.329833,-101.131360
412,Well 1,126 ,351 ,105 ,31.329833,-101.131360
413,Well 1,126 ,343 ,83 ,31.329833,-101.131360
414,Well 1,120 ,361 ,88 ,31.329833,-101.131360
415,Well 1,120 ,352 ,93 ,31.329833,-101.131360
416,Well 1,132 ,358 ,100 ,31.329833,-101.131360
417,Well 1,112 ,361 ,102 ,31.329833,-101.131360
418,Well 1,131 ,354 ,97 ,31.329833,-101.131360
419,Well 1,123 ,364 ,84 ,31.329833,-101.131360
420,Well 1,108 ,357 ,103 ,31.329833,-101.131360
421,Well 1,126 ,360 ,67 ,31.329833,-101.131360
422,Well 1,117 ,364 ,42 ,31.329833,-101.131360
423,Well 1,124 ,363 ,81 ,31.329833,-101.131360
424,Well 1,117 ,379 ,72 ,31.329833,-101.131360
425,Well 1,121 ,375 ,73 ,31.329833,-101.131360
426,Well 1,115 ,369 ,73 ,31.329833,-101.131360
427,Well 1,114 ,369 ,68 ,31.329833,-101.131360
428,Well 1,133 ,360 ,82 ,31.329833,-101.131360
429,Well 1,117 ,370 ,70 ,31.329833,-101.131360
430,Well 1,115 ,375 ,70 ,31.329833,-101.131360
431,Well 1,114 ,375 ,72 ,31.329833,-101.131360
432,Well 1,113 ,369 ,71 ,31.329833,-101.131360
433,Well 1,117 ,356 ,82 ,31.329833,-101.131360
434,Well 1,118 ,366 ,84 ,31.329833,-101.131360
435,Well 1,128 ,367 ,78 ,31.329833,-101.131360
436,Well 1,101 ,366 ,57 ,31.329833,-101.131360
437,Well 1,117 ,367 ,82 ,31.329833,-101.131360
438,Well 1,145 ,375 ,99 ,31.329833,-101.131360
439,Well 1,95 ,379 ,58 ,31.329833,-101.131360
440,Well 1,126 ,388 ,83 ,31.329833,-101.131360
441,Well 1,92 ,375 ,77 ,31.329833,-101.131360
442,Well 1,89 ,232 ,90 ,31.329833,-101.131360
443,Well 1,120 ,452 ,69 ,31.329833,-101.131360
444,Well 1,124 ,369 ,97 ,31.329833,-101.131360
445,Well 1,123 ,376 ,81 ,31.329833,-101.131360
446,Well 1,114 ,386 ,115 ,31.329833,-101.131360
447,Well 1,114 ,375 ,133 ,31.329833,-101.131360
448,Well 1,139 ,377 ,93 ,31.329833,-101.131360
449,Well 1,95 ,373 ,61 ,31.329833,-101.131360
450,Well 1,114 ,371 ,69 ,31.329833,-101.131360
451,Well 1,143 ,388 ,90 ,31.329833,-101.131360
452,Well 1,98 ,387 ,61 ,31.329833,-101.131360
453,Well 1,98 ,378 ,63 ,31.329833,-101.131360
454,Well 1,131 ,394 ,79 ,31.329833,-101.131360
455,Well 1,95 ,367 ,72 ,31.329833,-101.131360
456,Well 1,123 ,390 ,65 ,31.329833,-101.131360
457,Well 1,100 ,388 ,72 ,31.329833,-101.131360
458,Well 1,132 ,397 ,79 ,31.329833,-101.131360
459,Well 1,100 ,398 ,99 ,31.329833,-101.131360
460,Well 1,105 ,385 ,68 ,31.329833,-101.131360
461,Well 1,106 ,387 ,0 ,31.329833,-101.131360
462,Well 1,52 ,286 ,0 ,31.329833,-101.131360
463,Well 1,148 ,284 ,0 ,31.329833,-101.131360
464,Well 1,97 ,366 ,0 ,31.329833,-101.131360
465,Well 1,126 ,356 ,0 ,31.329833,-101.131360
466,Well 1,102 ,334 ,0 ,31.329833,-101.131360
467,Well 1,114 ,373 ,57 ,31.329833,-101.131360
468,Well 1,106 ,369 ,66 ,31.329833,-101.131360
469,Well 1,116 ,368 ,68 ,31.329833,-101.131360
470,Well 1,130 ,379 ,72 ,31.329833,-101.131360
471,Well 1,100 ,380 ,53 ,31.329833,-101.131360
472,Well 1,116 ,380 ,77 ,31.329833,-101.131360
473,Well 1,109 ,383 ,60 ,31.329833,-101.131360
474,Well 1,29 ,274 ,33 ,31.329833,-101.131360
475,Well 1,156 ,415 ,86 ,31.329833,-101.131360
476,Well 1,114 ,387 ,59 ,31.329833,-101.131360
477,Well 1,103 ,388 ,65 ,31.329833,-101.131360
478,Well 1,100 ,391 ,62 ,31.329833,-101.131360
479,Well 1,126 ,381 ,70 ,31.329833,-101.131360
480,Well 1,121 ,385 ,62 ,31.329833,-101.131360
481,Well 1,119 ,385 ,76 ,31.329833,-101.131360
482,Well 1,100 ,385 ,56 ,31.329833,-101.131360
483,Well 1,102 ,403 ,66 ,31.329833,-101.131360
484,Well 1,117 ,392 ,61 ,31.329833,-101.131360
485,Well 1,112 ,388 ,71 ,31.329833,-101.131360
486,Well 1,106 ,395 ,45 ,31.329833,-101.131360
487,Well 1,106 ,401 ,77 ,31.329833,-101.131360
488,Well 1,96 ,397 ,41 ,31.329833,-101.131360
489,Well 1,114 ,390 ,39 ,31.329833,-101.131360
490,Well 1,106 ,385 ,37 ,31.329833,-101.131360
491,Well 1,114 ,385 ,28 ,31.329833,-101.131360
492,Well 1,109 ,395 ,31 ,31.329833,-101.131360
493,Well 1,119 ,395 ,41 ,31.329833,-101.131360
494,Well 1,98 ,403 ,19 ,31.329833,-101.131360
495,Well 1,121 ,413 ,51 ,31.329833,-101.131360
496,Well 1,91 ,382 ,51 ,31.329833,-101.131360
497,Well 1,123 ,395 ,50 ,31.329833,-101.131360
498,Well 1,113 ,389 ,49 ,31.329833,-101.131360
499,Well 1,114 ,393 ,50 ,31.329833,-101.131360
500,Well 1,121 ,387 ,60 ,31.329833,-101.131360
501,Well 1,100 ,400 ,40 ,31.329833,-101.131360
502,Well 1,98 ,368 ,51 ,31.329833,-101.131360
503,Well 1,106 ,366 ,58 ,31.329833,-101.131360
504,Well 1,103 ,355 ,32 ,31.329833,-101.131360
505,Well 1,110 ,356 ,19 ,31.329833,-101.131360
506,Well 1,92 ,366 ,57 ,31.329833,-101.131360
507,Well 1,112 ,366 ,68 ,31.329833,-101.131360
508,Well 1,0 ,576 ,0 ,31.329833,-101.131360
509,Well 1,0 ,"3,458 ",0 ,31.329833,-101.131360
510,Well 1,86 ,298 ,24 ,31.329833,-101.131360
511,Well 1,120 ,134 ,44 ,31.329833,-101.131360
512,Well 1,0 ,0 ,0 ,31.329833,-101.131360
513,Well 1,2 ,0 ,0 ,31.329833,-101.131360
514,Well 1,0 ,0 ,0 ,31.329833,-101.131360
515,Well 1,4 ,0 ,0 ,31.329833,-101.131360
516,Well 1,0 ,0 ,0 ,31.329833,-101.131360
517,Well 1,0 ,0 ,0 ,31.329833,-101.131360
518,Well 1,0 ,0 ,0 ,31.329833,-101.131360
519,Well 1,0 ,0 ,0 ,31.329833,-101.131360
520,Well 1,0 ,0 ,0 ,31.329833,-101.131360
521,Well 1,0 ,0 ,0 ,31.329833,-101.131360
522,Well 1,0 ,790 ,0 ,31.329833,-101.131360
523,Well 1,"1,146 ",591 ,138 ,31.329833,-101.131360
524,Well 1,198 ,925 ,145 ,31.329833,-101.131360
525,Well 1,225 ,825 ,123 ,31.329833,-101.131360
526,Well 1,165 ,768 ,128 ,31.329833,-101.131360
527,Well 1,159 ,817 ,127 ,31.329833,-101.131360
528,Well 1,117 ,806 ,103 ,31.329833,-101.131360
529,Well 1,118 ,682 ,92 ,31.329833,-101.131360
530,Well 1,125 ,682 ,95 ,31.329833,-101.131360
531,Well 1,99 ,645 ,98 ,31.329833,-101.131360
532,Well 1,114 ,541 ,80 ,31.329833,-101.131360
533,Well 1,91 ,597 ,77 ,31.329833,-101.131360
534,Well 1,125 ,548 ,85 ,31.329833,-101.131360
535,Well 1,120 ,588 ,82 ,31.329833,-101.131360
536,Well 1,117 ,557 ,84 ,31.329833,-101.131360
537,Well 1,104 ,588 ,77 ,31.329833,-101.131360
538,Well 1,117 ,645 ,88 ,31.329833,-101.131360
539,Well 1,93 ,684 ,62 ,31.329833,-101.131360
540,Well 1,115 ,614 ,80 ,31.329833,-101.131360
541,Well 1,91 ,613 ,52 ,31.329833,-101.131360
542,Well 1,98 ,523 ,60 ,31.329833,-101.131360
543,Well 1,104 ,498 ,49 ,31.329833,-101.131360
544,Well 1,96 ,538 ,57 ,31.329833,-101.131360
545,Well 1,78 ,556 ,56 ,31.329833,-101.131360
546,Well 1,157 ,571 ,75 ,31.329833,-101.131360
547,Well 1,152 ,776 ,75 ,31.329833,-101.131360
548,Well 1,109 ,807 ,69 ,31.329833,-101.131360
549,Well 1,94 ,702 ,61 ,31.329833,-101.131360
550,Well 1,78 ,581 ,45 ,31.329833,-101.131360
551,Well 1,92 ,571 ,54 ,31.329833,-101.131360
552,Well 1,104 ,592 ,56 ,31.329833,-101.131360
553,Well 1,83 ,594 ,46 ,31.329833,-101.131360
554,Well 1,128 ,595 ,73 ,31.329833,-101.131360
555,Well 1,119 ,587 ,56 ,31.329833,-101.131360
556,Well 1,78 ,554 ,62 ,31.329833,-101.131360
557,Well 1,117 ,588 ,70 ,31.329833,-101.131360
558,Well 1,100 ,560 ,75 ,31.329833,-101.131360
559,Well 1,73 ,553 ,77 ,31.329833,-101.131360
560,Well 1,103 ,492 ,91 ,31.329833,-101.131360
561,Well 1,36 ,254 ,2 ,31.329833,-101.131360
562,Well 1,58 ,488 ,123 ,31.329833,-101.131360
563,Well 1,90 ,433 ,124 ,31.329833,-101.131360
564,Well 1,57 ,373 ,101 ,31.329833,-101.131360
565,Well 1,68 ,399 ,114 ,31.329833,-101.131360
566,Well 1,31 ,272 ,50 ,31.329833,-101.131360
567,Well 1,47 ,186 ,120 ,31.329833,-101.131360
568,Well 1,74 ,353 ,138 ,31.329833,-101.131360
569,Well 1,36 ,323 ,112 ,31.329833,-101.131360
570,Well 1,70 ,231 ,142 ,31.329833,-101.131360
571,Well 1,52 ,312 ,132 ,31.329833,-101.131360
572,Well 1,132 ,300 ,152 ,31.329833,-101.131360
573,Well 1,63 ,300 ,125 ,31.329833,-101.131360
574,Well 1,63 ,310 ,138 ,31.329833,-101.131360
575,Well 1,58 ,241 ,215 ,31.329833,-101.131360
576,Well 1,0 ,1 ,153 ,31.329833,-101.131360
577,Well 1,5 ,0 ,59 ,31.329833,-101.131360
578,Well 1,1 ,0 ,128 ,31.329833,-101.131360
579,Well 1,0 ,0 ,276 ,31.329833,-101.131360
580,Well 1,0 ,0 ,57 ,31.329833,-101.131360
581,Well 1,0 ,0 ,0 ,31.329833,-101.131360
582,Well 1,0 ,0 ,0 ,31.329833,-101.131360
583,Well 1,0 ,0 ,0 ,31.329833,-101.131360
584,Well 1,0 ,0 ,0 ,31.329833,-101.131360
585,Well 1,20 ,93 ,202 ,31.329833,-101.131360
586,Well 1,0 ,205 ,"1,005 ",31.329833,-101.131360
587,Well 1,0 ,132 ,0 ,31.329833,-101.131360
588,Well 1,0 ,0 ,0 ,31.329833,-101.131360
589,Well 1,0 ,0 ,0 ,31.329833,-101.131360
590,Well 1,0 ,0 ,0 ,31.329833,-101.131360
591,Well 1,0 ,0 ,0 ,31.329833,-101.131360
592,Well 1,0 ,0 ,0 ,31.329833,-101.131360
593,Well 1,0 ,0 ,0 ,31.329833,-101.131360
594,Well 1,0 ,301 ,"1,074 ",31.329833,-101.131360
595,Well 1,5 ,128 ,"2,829 ",31.329833,-101.131360
596,Well 1,10 ,297 ,"2,416 ",31.329833,-101.131360
597,Well 1,3 ,218 ,"1,590 ",31.329833,-101.131360
598,Well 1,0 ,224 ,"1,631 ",31.329833,-101.131360
599,Well 1,3 ,415 ,"1,949 ",31.329833,-101.131360
600,Well 1,5 ,361 ,"2,580 ",31.329833,-101.131360
601,Well 1,23 ,235 ,"3,333 ",31.329833,-101.131360
602,Well 1,2 ,208 ,"3,436 ",31.329833,-101.131360
603,Well 1,5 ,66 ,"3,734 ",31.329833,-101.131360
604,Well 1,2 ,261 ,"2,755 ",31.329833,-101.131360
605,Well 1,9 ,179 ,"2,056 ",31.329833,-101.131360
606,Well 1,3 ,146 ,"1,787 ",31.329833,-101.131360
607,Well 1,3 ,151 ,"1,605 ",31.329833,-101.131360
608,Well 1,5 ,136 ,"1,440 ",31.329833,-101.131360
609,Well 1,36 ,171 ,"2,618 ",31.329833,-101.131360
610,Well 1,0 ,257 ,"2,848 ",31.329833,-101.131360
611,Well 1,16 ,191 ,"2,595 ",31.329833,-101.131360
612,Well 1,0 ,213 ,0 ,31.329833,-101.131360
613,Well 1,0 ,57 ,0 ,31.329833,-101.131360
614,Well 1,0 ,7 ,"2,324 ",31.329833,-101.131360
615,Well 1,0 ,247 ,"1,710 ",31.329833,-101.131360
616,Well 1,5 ,228 ,"1,887 ",31.329833,-101.131360
617,Well 1,29 ,205 ,"1,820 ",31.329833,-101.131360
618,Well 1,26 ,209 ,"1,525 ",31.329833,-101.131360
619,Well 1,2 ,0 ,520 ,31.329833,-101.131360
620,Well 1,3 ,0 ,674 ,31.329833,-101.131360
621,Well 1,9 ,0 ,762 ,31.329833,-101.131360
622,Well 1,208 ,0 ,"2,442 ",31.329833,-101.131360
623,Well 1,21 ,0 ,421 ,31.329833,-101.131360
624,Well 1,16 ,0 ,"1,231 ",31.329833,-101.131360
625,Well 1,28 ,0 ,"1,282 ",31.329833,-101.131360
626,Well 1,29 ,0 ,"1,334 ",31.329833,-101.131360
627,Well 1,20 ,0 ,"2,013 ",31.329833,-101.131360
628,Well 1,25 ,0 ,"2,051 ",31.329833,-101.131360
629,Well 1,27 ,0 ,"2,428 ",31.329833,-101.131360
630,Well 1,39 ,0 ,"3,977 ",31.329833,-101.131360
631,Well 1,33 ,0 ,"3,014 ",31.329833,-101.131360
632,Well 1,30 ,0 ,"2,405 ",31.329833,-101.131360
633,Well 1,5 ,0 ,"2,506 ",31.329833,-101.131360
634,Well 1,13 ,0 ,"1,739 ",31.329833,-101.131360
635,Well 1,32 ,0 ,"1,042 ",31.329833,-101.131360
636,Well 1,17 ,0 ,818 ,31.329833,-101.131360
637,Well 1,51 ,0 ,417 ,31.329833,-101.131360
638,Well 1,69 ,16 ,702 ,31.329833,-101.131360
639,Well 1,139 ,51 ,349 ,31.329833,-101.131360
640,Well 1,151 ,22 ,"1,421 ",31.329833,-101.131360
641,Well 1,78 ,44 ,"1,097 ",31.329833,-101.131360
642,Well 1,3 ,1 ,30 ,31.329833,-101.131360
643,Well 1,97 ,850 ,703 ,31.329833,-101.131360
644,Well 1,94 ,818 ,737 ,31.329833,-101.131360
645,Well 1,98 ,"1,418 ",599 ,31.329833,-101.131360
646,Well 1,99 ,991 ,704 ,31.329833,-101.131360
647,Well 1,94 ,"1,236 ",656 ,31.329833,-101.131360
648,Well 1,96 ,683 ,665 ,31.329833,-101.131360
649,Well 1,108 ,15 ,659 ,31.329833,-101.131360
650,Well 1,127 ,29 ,687 ,31.329833,-101.131360
651,Well 1,129 ,19 ,544 ,31.329833,-101.131360
652,Well 1,116 ,14 ,655 ,31.329833,-101.131360
653,Well 1,107 ,14 ,659 ,31.329833,-101.131360
654,Well 1,121 ,13 ,653 ,31.329833,-101.131360
655,Well 1,105 ,11 ,623 ,31.329833,-101.131360
1,Well 2,115.647,0,283.662,31.217551,-101.110160
2,Well 2,319.216,224.1,164.043,31.217551,-101.110160
3,Well 2,558.509,6.048,195.369,31.217551,-101.110160
4,Well 2,473.595,6.214,186.923,31.217551,-101.110160
5,Well 2,798.035,535.174,216.136,31.217551,-101.110160
6,Well 2,599.025,528,209.809,31.217551,-101.110160
7,Well 2,588.217,498.025,125.509,31.217551,-101.110160
8,Well 2,949.518,492.5,184,31.217551,-101.110160
9,Well 2,815.285,796.924,296,31.217551,-101.110160
10,Well 2,685.122,908.629,124,31.217551,-101.110160
11,Well 2,569.716,801.53,849.828,31.217551,-101.110160
12,Well 2,659.491,759.894,937,31.217551,-101.110160
13,Well 2,626.186,1340.462,888,31.217551,-101.110160
14,Well 2,537.845,1466,752,31.217551,-101.110160
15,Well 2,619.677,1429,738,31.217551,-101.110160
16,Well 2,524.105,1309,680,31.217551,-101.110160
17,Well 2,359.514,1311,596,31.217551,-101.110160
18,Well 2,672.298,1257.027,641,31.217551,-101.110160
19,Well 2,488.433,1305.986,572.347,31.217551,-101.110160
20,Well 2,488.37,1103.944,527,31.217551,-101.110160
21,Well 2,516.664,1020.371,542.811,31.217551,-101.110160
22,Well 2,558.722,989.731,474,31.217551,-101.110160
23,Well 2,372.236,1108.93,883,31.217551,-101.110160
24,Well 2,538.219,1150.476,429,31.217551,-101.110160
25,Well 2,469.551,953.792,343,31.217551,-101.110160
26,Well 2,405.498,917.441,332,31.217551,-101.110160
27,Well 2,371.009,1064.401,459,31.217551,-101.110160
28,Well 2,507.469,1198.138,374,31.217551,-101.110160
29,Well 2,329.505,1018.84,247.5,31.217551,-101.110160
30,Well 2,412.11,886.58,329.137,31.217551,-101.110160
31,Well 2,569.556,1255.559,349,31.217551,-101.110160
32,Well 2,359.011,1242.13,331,31.217551,-101.110160
33,Well 2,518.587,1186.625,311,31.217551,-101.110160
34,Well 2,398.255,998.088,368.571,31.217551,-101.110160
35,Well 2,408.392,1007,212,31.217551,-101.110160
36,Well 2,407.881,1081.003,242,31.217551,-101.110160
37,Well 2,405.204,1273,302.434,31.217551,-101.110160
38,Well 2,438.812,1310.131,378.152,31.217551,-101.110160
39,Well 2,287.653,1202.632,165.5,31.217551,-101.110160
40,Well 2,415.579,1318,256.974,31.217551,-101.110160
41,Well 2,423.198,1149.366,286.195,31.217551,-101.110160
42,Well 2,426.908,1297,284.839,31.217551,-101.110160
43,Well 2,374.79,1333,266.607,31.217551,-101.110160
44,Well 2,394.28,1309,165.202,31.217551,-101.110160
45,Well 2,125.135,481.291,108.65,31.217551,-101.110160
46,Well 2,0,0,0,31.217551,-101.110160
47,Well 2,0,0,0,31.217551,-101.110160
48,Well 2,0,0,0,31.217551,-101.110160
49,Well 2,0,0,0,31.217551,-101.110160
50,Well 2,0,0,0,31.217551,-101.110160
51,Well 2,0,0,0,31.217551,-101.110160
52,Well 2,0,0,0,31.217551,-101.110160
53,Well 2,0,0,0,31.217551,-101.110160
54,Well 2,0,0,2091,31.217551,-101.110160
55,Well 2,0,55.978,1864,31.217551,-101.110160
56,Well 2,0,273,957.456,31.217551,-101.110160
57,Well 2,0,252,1288.201,31.217551,-101.110160
58,Well 2,0,206,736.176,31.217551,-101.110160
59,Well 2,51.081,213,895.988,31.217551,-101.110160
60,Well 2,83.18,296,430.657,31.217551,-101.110160
61,Well 2,147.005,203,257.806,31.217551,-101.110160
62,Well 2,226.087,195,1331,31.217551,-101.110160
63,Well 2,221.707,195,980,31.217551,-101.110160
64,Well 2,276.729,213,932,31.217551,-101.110160
65,Well 2,379.672,164.235,875,31.217551,-101.110160
66,Well 2,386.099,245.25,840.297,31.217551,-101.110160
67,Well 2,409.896,238.81,750,31.217551,-101.110160
68,Well 2,385.067,338,852.433,31.217551,-101.110160
69,Well 2,528.513,228,768.429,31.217551,-101.110160
70,Well 2,355.235,297,755.94,31.217551,-101.110160
71,Well 2,372.115,383,588.861,31.217551,-101.110160
72,Well 2,361.958,350,640.415,31.217551,-101.110160
73,Well 2,374.598,457.535,547.509,31.217551,-101.110160
74,Well 2,426.138,511.284,503.759,31.217551,-101.110160
75,Well 2,349.245,473,510.632,31.217551,-101.110160
76,Well 2,458.028,709.521,432.358,31.217551,-101.110160
77,Well 2,465.161,674.412,530.177,31.217551,-101.110160
78,Well 2,446.849,701.293,502.311,31.217551,-101.110160
79,Well 2,497.334,799.576,515.816,31.217551,-101.110160
80,Well 2,401.565,930.188,464.783,31.217551,-101.110160
81,Well 2,436.59,910.57,0,31.217551,-101.110160
82,Well 2,436.74,1010.735,477.657,31.217551,-101.110160
83,Well 2,358.683,977.687,417.605,31.217551,-101.110160
84,Well 2,388.529,1010.772,413,31.217551,-101.110160
85,Well 2,430.935,940.269,380.934,31.217551,-101.110160
86,Well 2,337.088,935.692,370.517,31.217551,-101.110160
87,Well 2,355.016,1513.911,353.135,31.217551,-101.110160
88,Well 2,350.219,928.534,327.943,31.217551,-101.110160
89,Well 2,343.877,958.754,313.454,31.217551,-101.110160
90,Well 2,333.597,884,340.491,31.217551,-101.110160
91,Well 2,314.105,903,269.286,31.217551,-101.110160
92,Well 2,331.155,874.355,245.192,31.217551,-101.110160
93,Well 2,436.892,897,0,31.217551,-101.110160
94,Well 2,202.083,1061.075,224.653,31.217551,-101.110160
95,Well 2,325.96,991.528,191.326,31.217551,-101.110160
96,Well 2,306.301,911.347,265.622,31.217551,-101.110160
97,Well 2,318.754,962.769,267.461,31.217551,-101.110160
98,Well 2,302.36,964.697,248.477,31.217551,-101.110160
99,Well 2,279.548,968.019,243.787,31.217551,-101.110160
100,Well 2,301.507,977.773,253.791,31.217551,-101.110160
101,Well 2,299.003,938.238,239.897,31.217551,-101.110160
102,Well 2,278.91,913.514,241.666,31.217551,-101.110160
103,Well 2,308.187,868,255.139,31.217551,-101.110160
104,Well 2,290.29,880.446,233.78,31.217551,-101.110160
105,Well 2,290.252,835.371,222.088,31.217551,-101.110160
106,Well 2,306.217,863,191.45,31.217551,-101.110160
107,Well 2,288.305,856,215.948,31.217551,-101.110160
108,Well 2,294.472,885,193,31.217551,-101.110160
109,Well 2,282.271,858.504,213.988,31.217551,-101.110160
110,Well 2,295.065,784,214.278,31.217551,-101.110160
111,Well 2,284.39,846,188.953,31.217551,-101.110160
112,Well 2,189,928,173,31.217551,-101.110160
113,Well 2,327,811,194,31.217551,-101.110160
114,Well 2,247,812,171,31.217551,-101.110160
115,Well 2,235,827,171,31.217551,-101.110160
116,Well 2,270,769,205,31.217551,-101.110160
117,Well 2,249,753,187,31.217551,-101.110160
118,Well 2,241,791,165,31.217551,-101.110160
119,Well 2,237,821,165,31.217551,-101.110160
120,Well 2,263,945,183,31.217551,-101.110160
121,Well 2,219,856,165,31.217551,-101.110160
122,Well 2,204,695,165,31.217551,-101.110160
123,Well 2,243,776,174,31.217551,-101.110160
124,Well 2,204,695,165,31.217551,-101.110160
125,Well 2,243,776,174,31.217551,-101.110160
126,Well 2,403,493,89,31.217551,-101.110160
127,Well 2,293,800,168,31.217551,-101.110160
128,Well 2,298,762,191,31.217551,-101.110160
129,Well 2,290,752,238,31.217551,-101.110160
130,Well 2,240,752,238,31.217551,-101.110160
131,Well 2,218,750,275,31.217551,-101.110160
132,Well 2,120,406,822,31.217551,-101.110160
133,Well 2,185,740,279,31.217551,-101.110160
134,Well 2,210,743,261,31.217551,-101.110160
135,Well 2,232,818,256,31.217551,-101.110160
136,Well 2,212,857,226,31.217551,-101.110160
137,Well 2,227,890,244,31.217551,-101.110160
138,Well 2,241,897,265,31.217551,-101.110160
139,Well 2,178,833,862,31.217551,-101.110160
140,Well 2,184,876,601,31.217551,-101.110160
141,Well 2,199,886,459,31.217551,-101.110160
142,Well 2,198,846,702,31.217551,-101.110160
143,Well 2,221,829,594,31.217551,-101.110160
144,Well 2,200,716,500,31.217551,-101.110160
145,Well 2,218,808,521,31.217551,-101.110160
146,Well 2,217,949,440,31.217551,-101.110160
147,Well 2,349,998,565,31.217551,-101.110160
148,Well 2,297,1026,526,31.217551,-101.110160
149,Well 2,186,798,592,31.217551,-101.110160
150,Well 2,328,1137,654,31.217551,-101.110160
151,Well 2,154,803,199,31.217551,-101.110160
152,Well 2,166,820,498,31.217551,-101.110160
153,Well 2,166,1061,133,31.217551,-101.110160
154,Well 2,266,841,138,31.217551,-101.110160
155,Well 2,164,826,156,31.217551,-101.110160
156,Well 2,264,843,716,31.217551,-101.110160
157,Well 2,270,857,149,31.217551,-101.110160
158,Well 2,244,846,141,31.217551,-101.110160
159,Well 2,305,848,131,31.217551,-101.110160
160,Well 2,208,866,126,31.217551,-101.110160
161,Well 2,244,862,320,31.217551,-101.110160
162,Well 2,317,795,294,31.217551,-101.110160
163,Well 2,359,873,127,31.217551,-101.110160
164,Well 2,240,894,118,31.217551,-101.110160
165,Well 2,295,871,131,31.217551,-101.110160
166,Well 2,192,883,150,31.217551,-101.110160
167,Well 2,191,839,71,31.217551,-101.110160
168,Well 2,228,875,138,31.217551,-101.110160
169,Well 2,200,783,108,31.217551,-101.110160
170,Well 2,186,878,114,31.217551,-101.110160
171,Well 2,195,890,119,31.217551,-101.110160
172,Well 2,214,891,130,31.217551,-101.110160
173,Well 2,216,865,125,31.217551,-101.110160
174,Well 2,179,875,108,31.217551,-101.110160
175,Well 2,227,872,129,31.217551,-101.110160
176,Well 2,164,875,118,31.217551,-101.110160
177,Well 2,200,870,243,31.217551,-101.110160
178,Well 2,192,864,183,31.217551,-101.110160
179,Well 2,195,900,301,31.217551,-101.110160
180,Well 2,229,914,253,31.217551,-101.110160
181,Well 2,242,903,256,31.217551,-101.110160
182,Well 2,225,880,206,31.217551,-101.110160
183,Well 2,308,824,224,31.217551,-101.110160
184,Well 2,274,1011,214,31.217551,-101.110160
185,Well 2,113,1019,231,31.217551,-101.110160
186,Well 2,277,1065,264,31.217551,-101.110160
187,Well 2,372,979,175,31.217551,-101.110160
188,Well 2,227,900,148,31.217551,-101.110160
189,Well 2,248,911,297,31.217551,-101.110160
190,Well 2,310,907,119,31.217551,-101.110160
191,Well 2,307,898,122,31.217551,-101.110160
192,Well 2,259,951,0,31.217551,-101.110160
193,Well 2,217,883,218,31.217551,-101.110160
194,Well 2,199,903,250,31.217551,-101.110160
195,Well 2,293,902,270,31.217551,-101.110160
196,Well 2,165,874,450,31.217551,-101.110160
197,Well 2,238,888,409,31.217551,-101.110160
198,Well 2,300,934,387,31.217551,-101.110160
199,Well 2,270,1085,637,31.217551,-101.110160
200,Well 2,310,955,397,31.217551,-101.110160
201,Well 2,422,868,153,31.217551,-101.110160
202,Well 2,203,949,114,31.217551,-101.110160
203,Well 2,171,809,92,31.217551,-101.110160
204,Well 2,213,799,110,31.217551,-101.110160
205,Well 2,156,841,93,31.217551,-101.110160
206,Well 2,131,780,0,31.217551,-101.110160
207,Well 2,175,856,111,31.217551,-101.110160
208,Well 2,145,869,95,31.217551,-101.110160
209,Well 2,142,873,106,31.217551,-101.110160
210,Well 2,235,854,98,31.217551,-101.110160
211,Well 2,180,896,92,31.217551,-101.110160
212,Well 2,279,818,106,31.217551,-101.110160
213,Well 2,239,756,91,31.217551,-101.110160
214,Well 2,84,803,108,31.217551,-101.110160
215,Well 2,251,937,110,31.217551,-101.110160
216,Well 2,139,1001,100,31.217551,-101.110160
217,Well 2,170,945,85,31.217551,-101.110160
218,Well 2,157,868,148,31.217551,-101.110160
219,Well 2,151,856,88,31.217551,-101.110160
220,Well 2,164,832,79,31.217551,-101.110160
221,Well 2,172,825,100,31.217551,-101.110160
222,Well 2,183,1417,100,31.217551,-101.110160
223,Well 2,224,834,100,31.217551,-101.110160
224,Well 2,121,860,82,31.217551,-101.110160
225,Well 2,195,858,125,31.217551,-101.110160
226,Well 2,193,825,126,31.217551,-101.110160
227,Well 2,139,548,120,31.217551,-101.110160
228,Well 2,144,877,125,31.217551,-101.110160
229,Well 2,214,873,153,31.217551,-101.110160
230,Well 2,140,915,110,31.217551,-101.110160
231,Well 2,139,886,94,31.217551,-101.110160
232,Well 2,143,851,92,31.217551,-101.110160
233,Well 2,152,892,87,31.217551,-101.110160
234,Well 2,137,832,88,31.217551,-101.110160
235,Well 2,227,890,90,31.217551,-101.110160
236,Well 2,183,885,96,31.217551,-101.110160
237,Well 2,150,783,81,31.217551,-101.110160
238,Well 2,147,856,85,31.217551,-101.110160
239,Well 2,147,838,85,31.217551,-101.110160
240,Well 2,131,828,73,31.217551,-101.110160
241,Well 2,156,799,86,31.217551,-101.110160
242,Well 2,170,837,88,31.217551,-101.110160
243,Well 2,154,820,90,31.217551,-101.110160
244,Well 2,130,864,80,31.217551,-101.110160
245,Well 2,152,850,86,31.217551,-101.110160
246,Well 2,111,851,96,31.217551,-101.110160
247,Well 2,74,709,77,31.217551,-101.110160
248,Well 2,166,682,85,31.217551,-101.110160
249,Well 2,142,684,77,31.217551,-101.110160
250,Well 2,137,565,77,31.217551,-101.110160
251,Well 2,137,573,80,31.217551,-101.110160
252,Well 2,120,615,69,31.217551,-101.110160
253,Well 2,147,827,81,31.217551,-101.110160
254,Well 2,88,461,38,31.217551,-101.110160
255,Well 2,136,513,78,31.217551,-101.110160
256,Well 2,141,534,80,31.217551,-101.110160
257,Well 2,144,616,82,31.217551,-101.110160
258,Well 2,142,595,75,31.217551,-101.110160
259,Well 2,162,647,76,31.217551,-101.110160
260,Well 2,153,714,67,31.217551,-101.110160
261,Well 2,163,773,74,31.217551,-101.110160
262,Well 2,150,765,65,31.217551,-101.110160
263,Well 2,170,784,70,31.217551,-101.110160
264,Well 2,155,736,73,31.217551,-101.110160
265,Well 2,128,781,64,31.217551,-101.110160
266,Well 2,146,712,57,31.217551,-101.110160
267,Well 2,140,748,69,31.217551,-101.110160
268,Well 2,149,689,74,31.217551,-101.110160
269,Well 2,148,699,71,31.217551,-101.110160
270,Well 2,150,722,66,31.217551,-101.110160
271,Well 2,143,733,67,31.217551,-101.110160
272,Well 2,166,721,65,31.217551,-101.110160
273,Well 2,726,719,73,31.217551,-101.110160
274,Well 2,186,754,58,31.217551,-101.110160
275,Well 2,71,845,64,31.217551,-101.110160
276,Well 2,135,839,72,31.217551,-101.110160
277,Well 2,142,834,75,31.217551,-101.110160
278,Well 2,137,912,69,31.217551,-101.110160
279,Well 2,137,982,69,31.217551,-101.110160
280,Well 2,138,969,83,31.217551,-101.110160
281,Well 2,125,969,86,31.217551,-101.110160
282,Well 2,128,977,71,31.217551,-101.110160
283,Well 2,134,937,73,31.217551,-101.110160
284,Well 2,133,840,76,31.217551,-101.110160
285,Well 2,131,840,69,31.217551,-101.110160
286,Well 2,132,840,71,31.217551,-101.110160
287,Well 2,135,840,73,31.217551,-101.110160
288,Well 2,138,865,72,31.217551,-101.110160
289,Well 2,120,825,74,31.217551,-101.110160
290,Well 2,138,860,72,31.217551,-101.110160
291,Well 2,121,860,69,31.217551,-101.110160
292,Well 2,144,868,72,31.217551,-101.110160
293,Well 2,156,961,67,31.217551,-101.110160
294,Well 2,102,849,65,31.217551,-101.110160
295,Well 2,116,841,73,31.217551,-101.110160
296,Well 2,123,846,70,31.217551,-101.110160
297,Well 2,139,848,74,31.217551,-101.110160
298,Well 2,143,840,69,31.217551,-101.110160
299,Well 2,92,870,99,31.217551,-101.110160
300,Well 2,113,950,118,31.217551,-101.110160
301,Well 2,123,1067,80,31.217551,-101.110160
302,Well 2,144,1066,74,31.217551,-101.110160
303,Well 2,133,980,79,31.217551,-101.110160
304,Well 2,121,944,72,31.217551,-101.110160
305,Well 2,167,931,75,31.217551,-101.110160
306,Well 2,87,909,74,31.217551,-101.110160
307,Well 2,116,909,65,31.217551,-101.110160
308,Well 2,120,926,89,31.217551,-101.110160
309,Well 2,140,936,74,31.217551,-101.110160
310,Well 2,127,966,74,31.217551,-101.110160
311,Well 2,127,945,76,31.217551,-101.110160
312,Well 2,135,968,75,31.217551,-101.110160
313,Well 2,129,975,76,31.217551,-101.110160
314,Well 2,136,3790,187,31.217551,-101.110160
315,Well 2,130,936,0,31.217551,-101.110160
316,Well 2,120,933,238,31.217551,-101.110160
317,Well 2,123,957,0,31.217551,-101.110160
318,Well 2,115,862,72,31.217551,-101.110160
319,Well 2,101,925,67,31.217551,-101.110160
320,Well 2,84,893,75,31.217551,-101.110160
321,Well 2,100,912,80,31.217551,-101.110160
322,Well 2,95,741,82,31.217551,-101.110160
323,Well 2,122,668,80,31.217551,-101.110160
324,Well 2,148,686,58,31.217551,-101.110160
325,Well 2,164,685,80,31.217551,-101.110160
326,Well 2,93,606,89,31.217551,-101.110160
327,Well 2,127,758,121,31.217551,-101.110160
328,Well 2,105,658,64,31.217551,-101.110160
329,Well 2,123,613,60,31.217551,-101.110160
330,Well 2,148,688,61,31.217551,-101.110160
331,Well 2,96,620,66,31.217551,-101.110160
332,Well 2,86,723,64,31.217551,-101.110160
333,Well 2,130,856,86,31.217551,-101.110160
334,Well 2,108,931,60,31.217551,-101.110160
335,Well 2,107,799,59,31.217551,-101.110160
336,Well 2,66,876,46,31.217551,-101.110160
337,Well 2,146,847,48,31.217551,-101.110160
338,Well 2,151,926,50,31.217551,-101.110160
339,Well 2,65,1013,93,31.217551,-101.110160
340,Well 2,63,990,94,31.217551,-101.110160
341,Well 2,57,904,48,31.217551,-101.110160
342,Well 2,59,898,58,31.217551,-101.110160
343,Well 2,59,898,58,31.217551,-101.110160
344,Well 2,64,894,56,31.217551,-101.110160
345,Well 2,61,903,52,31.217551,-101.110160
346,Well 2,63,869,58,31.217551,-101.110160
347,Well 2,63,892,51,31.217551,-101.110160
348,Well 2,100,884,63,31.217551,-101.110160
349,Well 2,103,839,59,31.217551,-101.110160
350,Well 2,105,1033,54,31.217551,-101.110160
351,Well 2,113,1023,64,31.217551,-101.110160
352,Well 2,118,976,53,31.217551,-101.110160
353,Well 2,108,1027,57,31.217551,-101.110160
354,Well 2,101,943,55,31.217551,-101.110160
355,Well 2,97,994,20,31.217551,-101.110160
356,Well 2,112,888,70,31.217551,-101.110160
357,Well 2,113,884,57,31.217551,-101.110160
358,Well 2,108,875,58,31.217551,-101.110160
359,Well 2,114,916,57,31.217551,-101.110160
360,Well 2,110,882,55,31.217551,-101.110160
361,Well 2,107,864,55,31.217551,-101.110160
362,Well 2,101,794,53,31.217551,-101.110160
363,Well 2,107,836,47,31.217551,-101.110160
364,Well 2,92,860,39,31.217551,-101.110160
365,Well 2,99,853,39,31.217551,-101.110160
366,Well 2,116,875,43,31.217551,-101.110160
367,Well 2,77,869,41,31.217551,-101.110160
368,Well 2,120,866,49,31.217551,-101.110160
369,Well 2,113,862,45,31.217551,-101.110160
370,Well 2,113,846,46,31.217551,-101.110160
371,Well 2,116,866,43,31.217551,-101.110160
372,Well 2,120,849,47,31.217551,-101.110160
373,Well 2,94,800,23,31.217551,-101.110160
374,Well 2,96,787,25,31.217551,-101.110160
375,Well 2,92,792,25,31.217551,-101.110160
376,Well 2,95,805,26,31.217551,-101.110160
377,Well 2,92,824,25,31.217551,-101.110160
378,Well 2,93,828,25,31.217551,-101.110160
379,Well 2,92,806,24,31.217551,-101.110160
380,Well 2,95,807,25,31.217551,-101.110160
381,Well 2,92,801,26,31.217551,-101.110160
382,Well 2,91,792,26,31.217551,-101.110160
383,Well 2,93,828,26,31.217551,-101.110160
384,Well 2,95,829,26,31.217551,-101.110160
385,Well 2,94,820,25,31.217551,-101.110160
386,Well 2,93,822,25,31.217551,-101.110160
387,Well 2,94,916,25,31.217551,-101.110160
388,Well 2,91,925,24,31.217551,-101.110160
389,Well 2,92,924,26,31.217551,-101.110160
390,Well 2,91,926,25,31.217551,-101.110160
391,Well 2,93,920,25,31.217551,-101.110160
392,Well 2,93,811,25,31.217551,-101.110160
393,Well 2,93,820,25,31.217551,-101.110160
394,Well 2,90,801,25,31.217551,-101.110160
395,Well 2,98,801,20,31.217551,-101.110160
396,Well 2,119,801,29,31.217551,-101.110160
397,Well 2,70,790,26,31.217551,-101.110160
398,Well 2,93,803,26,31.217551,-101.110160
399,Well 2,92,911,26,31.217551,-101.110160
400,Well 2,87,823,24,31.217551,-101.110160
401,Well 2,92.755,819.324,23.957,31.217551,-101.110160
402,Well 2,91.268,820.241,22.978,31.217551,-101.110160
403,Well 2,91.981,823.046,28.133,31.217551,-101.110160
404,Well 2,91.998,960.818,25.654,31.217551,-101.110160
405,Well 2,90.708,938.575,27.945,31.217551,-101.110160
406,Well 2,91.677,942.948,28.4,31.217551,-101.110160
407,Well 2,89.297,926.825,24.799,31.217551,-101.110160
408,Well 2,90.717,807.859,25.533,31.217551,-101.110160
409,Well 2,91.421,813.343,24.967,31.217551,-101.110160
410,Well 2,90.713,801.56,23.813,31.217551,-101.110160
411,Well 2,92,764,22,31.217551,-101.110160
412,Well 2,88,758,25,31.217551,-101.110160
413,Well 2,93,818,26,31.217551,-101.110160
414,Well 2,94,851,26,31.217551,-101.110160
415,Well 2,94,817,26,31.217551,-101.110160
416,Well 2,91,811,25,31.217551,-101.110160
417,Well 2,92,803,25,31.217551,-101.110160
418,Well 2,87,842,37,31.217551,-101.110160
419,Well 2,86,842,36,31.217551,-101.110160
420,Well 2,87,842,35,31.217551,-101.110160
421,Well 2,87,843,36,31.217551,-101.110160
422,Well 2,86,835,32,31.217551,-101.110160
423,Well 2,83,806,38,31.217551,-101.110160
424,Well 2,88,819,39,31.217551,-101.110160
425,Well 2,85,827,40,31.217551,-101.110160
426,Well 2,90,861,38,31.217551,-101.110160
427,Well 2,104,840,33,31.217551,-101.110160
428,Well 2,62,838,34,31.217551,-101.110160
429,Well 2,77,871,28,31.217551,-101.110160
430,Well 2,79,859,32,31.217551,-101.110160
431,Well 2,85,843,25,31.217551,-101.110160
432,Well 2,52,886,43,31.217551,-101.110160
433,Well 2,57,889,41,31.217551,-101.110160
434,Well 2,53,872,43,31.217551,-101.110160
435,Well 2,55,1009,46,31.217551,-101.110160
436,Well 2,80,1109,28,31.217551,-101.110160
437,Well 2,82,1142,27,31.217551,-101.110160
438,Well 2,79,820,34,31.217551,-101.110160
439,Well 2,84,831,46,31.217551,-101.110160
440,Well 2,83,834,44,31.217551,-101.110160
441,Well 2,82,821,43,31.217551,-101.110160
442,Well 2,82,820,42,31.217551,-101.110160
443,Well 2,82,820,44,31.217551,-101.110160
444,Well 2,83,833,43,31.217551,-101.110160
445,Well 2,81,841,42,31.217551,-101.110160
446,Well 2,73,800,36,31.217551,-101.110160
447,Well 2,82,785,42,31.217551,-101.110160
448,Well 2,37,791,380,31.217551,-101.110160
449,Well 2,67,798,373,31.217551,-101.110160
450,Well 2,68,802,383,31.217551,-101.110160
451,Well 2,72,785,374,31.217551,-101.110160
452,Well 2,68,803,388,31.217551,-101.110160
453,Well 2,68,775,336,31.217551,-101.110160
454,Well 2,70,759,379,31.217551,-101.110160
455,Well 2,71,790,335,31.217551,-101.110160
456,Well 2,74,710,44,31.217551,-101.110160
457,Well 2,74,688,27,31.217551,-101.110160
458,Well 2,74,652,39,31.217551,-101.110160
459,Well 2,79,699,37,31.217551,-101.110160
460,Well 2,77,696,40,31.217551,-101.110160
461,Well 2,77,689,0,31.217551,-101.110160
462,Well 2,86,690,41,31.217551,-101.110160
463,Well 2,79,694,41,31.217551,-101.110160
464,Well 2,81,712,40,31.217551,-101.110160
465,Well 2,77,716,40,31.217551,-101.110160
466,Well 2,0,0,0,31.217551,-101.110160
467,Well 2,78,790,36,31.217551,-101.110160
468,Well 2,75,756,34,31.217551,-101.110160
469,Well 2,70,763,33,31.217551,-101.110160
470,Well 2,74,773,34,31.217551,-101.110160
471,Well 2,77,781,35,31.217551,-101.110160
472,Well 2,72,780,36,31.217551,-101.110160
473,Well 2,71,782,0,31.217551,-101.110160
474,Well 2,70,758,32,31.217551,-101.110160
475,Well 2,71,767,34,31.217551,-101.110160
476,Well 2,71,761,33,31.217551,-101.110160
477,Well 2,73,750,33,31.217551,-101.110160
478,Well 2,69,721,34,31.217551,-101.110160
479,Well 2,76,747,34,31.217551,-101.110160
480,Well 2,76,780,34,31.217551,-101.110160
481,Well 2,75,780,36,31.217551,-101.110160
482,Well 2,72,809,36,31.217551,-101.110160
483,Well 2,73,785,32,31.217551,-101.110160
484,Well 2,77,774,32,31.217551,-101.110160
485,Well 2,70,725,38,31.217551,-101.110160
486,Well 2,74,771,35,31.217551,-101.110160
487,Well 2,74,739,36,31.217551,-101.110160
488,Well 2,68,757,29,31.217551,-101.110160
489,Well 2,76,751,33,31.217551,-101.110160
490,Well 2,68,773,33,31.217551,-101.110160
491,Well 2,78,787,33,31.217551,-101.110160
492,Well 2,75,783,33,31.217551,-101.110160
493,Well 2,77,767,32,31.217551,-101.110160
494,Well 2,69,779,33,31.217551,-101.110160
495,Well 2,78,765,33,31.217551,-101.110160
496,Well 2,73,780,32,31.217551,-101.110160
497,Well 2,76,782,37,31.217551,-101.110160
498,Well 2,70,770,33,31.217551,-101.110160
499,Well 2,73,749,32,31.217551,-101.110160
500,Well 2,73,751,33,31.217551,-101.110160
501,Well 2,74,763,36,31.217551,-101.110160
502,Well 2,75,732,29,31.217551,-101.110160
503,Well 2,71,707,31,31.217551,-101.110160
504,Well 2,74,739,32,31.217551,-101.110160
505,Well 2,76,722,31,31.217551,-101.110160
506,Well 2,77,774,38,31.217551,-101.110160
507,Well 2,77,775,34,31.217551,-101.110160
508,Well 2,74,756,34,31.217551,-101.110160
509,Well 2,75,770,34,31.217551,-101.110160
510,Well 2,72,780,46,31.217551,-101.110160
511,Well 2,72,754,33,31.217551,-101.110160
512,Well 2,70,757,32,31.217551,-101.110160
513,Well 2,66,713,0,31.217551,-101.110160
514,Well 2,70,704,0,31.217551,-101.110160
515,Well 2,76,727,36,31.217551,-101.110160
516,Well 2,75,734,0,31.217551,-101.110160
517,Well 2,70,756,32,31.217551,-101.110160
518,Well 2,69,720,31,31.217551,-101.110160
519,Well 2,71,739,0,31.217551,-101.110160
520,Well 2,64,672,24,31.217551,-101.110160
521,Well 2,60,669,0,31.217551,-101.110160
522,Well 2,65,627,20,31.217551,-101.110160
523,Well 2,63,684,23,31.217551,-101.110160
524,Well 2,61,654,25,31.217551,-101.110160
525,Well 2,72,696,30,31.217551,-101.110160
526,Well 2,63,659,0,31.217551,-101.110160
527,Well 2,74,671,20,31.217551,-101.110160
528,Well 2,68,670,26,31.217551,-101.110160
529,Well 2,64,677,25,31.217551,-101.110160
530,Well 2,63,666,0,31.217551,-101.110160
531,Well 2,63,659,19,31.217551,-101.110160
532,Well 2,76,664,0,31.217551,-101.110160
533,Well 2,57,651,0,31.217551,-101.110160
534,Well 2,68,644,0,31.217551,-101.110160
535,Well 2,52,649,0,31.217551,-101.110160
536,Well 2,59,648,0,31.217551,-101.110160
537,Well 2,59,656,20,31.217551,-101.110160
538,Well 2,62,663,21,31.217551,-101.110160
539,Well 2,63,673,23,31.217551,-101.110160
540,Well 2,67,675,28,31.217551,-101.110160
541,Well 2,68,671,0,31.217551,-101.110160
542,Well 2,59,648,0,31.217551,-101.110160
543,Well 2,47,645,0,31.217551,-101.110160
544,Well 2,49,596,29,31.217551,-101.110160
545,Well 2,0,541,8,31.217551,-101.110160
546,Well 2,51,728,21,31.217551,-101.110160
547,Well 2,69,730,29,31.217551,-101.110160
548,Well 2,151,642,29,31.217551,-101.110160
549,Well 2,66,709,30,31.217551,-101.110160
550,Well 2,75,699,30,31.217551,-101.110160
551,Well 2,91,684,22,31.217551,-101.110160
552,Well 2,75,777,0,31.217551,-101.110160
553,Well 2,66,738,0,31.217551,-101.110160
554,Well 2,64,685,24,31.217551,-101.110160
555,Well 2,60,656,0,31.217551,-101.110160
556,Well 2,0,650,0,31.217551,-101.110160
557,Well 2,76,617,19,31.217551,-101.110160
558,Well 2,53,627,0,31.217551,-101.110160
559,Well 2,60,637,0,31.217551,-101.110160
560,Well 2,63,613,0,31.217551,-101.110160
561,Well 2,57,615,0,31.217551,-101.110160
562,Well 2,59,611,0,31.217551,-101.110160
563,Well 2,53,611,0,31.217551,-101.110160
564,Well 2,59,609,0,31.217551,-101.110160
565,Well 2,64,606,0,31.217551,-101.110160
566,Well 2,59,606,0,31.217551,-101.110160
567,Well 2,56,608,0,31.217551,-101.110160
568,Well 2,75,618,0,31.217551,-101.110160
569,Well 2,103,616,0,31.217551,-101.110160
570,Well 2,52,610,0,31.217551,-101.110160
571,Well 2,119,604,0,31.217551,-101.110160
572,Well 2,62,604,0,31.217551,-101.110160
573,Well 2,61,597,0,31.217551,-101.110160
574,Well 2,57,602,0,31.217551,-101.110160
575,Well 2,62,606,9,31.217551,-101.110160
576,Well 2,46,622,28,31.217551,-101.110160
577,Well 2,65,596,18,31.217551,-101.110160
578,Well 2,57,589,16,31.217551,-101.110160
579,Well 2,54,585,15,31.217551,-101.110160
580,Well 2,57,576,0,31.217551,-101.110160
581,Well 2,53,590,15,31.217551,-101.110160
582,Well 2,57,594,28,31.217551,-101.110160
583,Well 2,43,587,35,31.217551,-101.110160
584,Well 2,41,585,0,31.217551,-101.110160
585,Well 2,41,579,0,31.217551,-101.110160
586,Well 2,45,564,0,31.217551,-101.110160
587,Well 2,41,570,0,31.217551,-101.110160
588,Well 2,42,583,0,31.217551,-101.110160
589,Well 2,44,503,0,31.217551,-101.110160
590,Well 2,39,581,52,31.217551,-101.110160
591,Well 2,55,588,47,31.217551,-101.110160
592,Well 2,43,592,0,31.217551,-101.110160
593,Well 2,46,588,0,31.217551,-101.110160
594,Well 2,46,570,57,31.217551,-101.110160
595,Well 2,45,572,57,31.217551,-101.110160
596,Well 2,46,603,57,31.217551,-101.110160
597,Well 2,62,597,0,31.217551,-101.110160
598,Well 2,49,598,0,31.217551,-101.110160
599,Well 2,49,610,0,31.217551,-101.110160
600,Well 2,48,741,42,31.217551,-101.110160
601,Well 2,49,725,0,31.217551,-101.110160
602,Well 2,47,722,0,31.217551,-101.110160
